{
  "id": null,
  "game_0": {
    "round": 1,
    "id": "game_0",
    "previous": null,
    "next": "game_32",
    "next_side": "A",
    "region": "East",
    "A": {
      "id": 0,
      "team": "Duke"
    },
    "B": {
      "id": 1,
      "team": "North Dakota State"
    },
    "winner": {
      "id": null,
      "team": null
    }
  },
  "game_1": {
    "round": 1,
    "id": "game_1",
    "previous": null,
    "next": "game_32",
    "next_side": "B",
    "region": "East",
    "A": {
      "id": 2,
      "team": "VCU"
    },
    "B": {
      "id": 3,
      "team": "UCF"
    },
    "winner": {
      "id": null,
      "team": null
    }
  },
  "game_2": {
    "round": 1,
    "id": "game_2",
    "previous": null,
    "next": "game_33",
    "next_side": "A",
    "region": "East",
    "A": {
      "id": 4,
      "team": "Mississippi State"
    },
    "B": {
      "id": 5,
      "team": "Liberty"
    },
    "winner": {
      "id": null,
      "team": null
    }
  },
  "game_3": {
    "round": 1,
    "id": "game_3",
    "previous": null,
    "next": "game_33",
    "next_side": "B",
    "region": "East",
    "A": {
      "id": 6,
      "team": "Virginia Tech"
    },
    "B": {
      "id": 7,
      "team": "Saint Louis"
    },
    "winner": {
      "id": null,
      "team": null
    }
  },
  "game_4": {
    "round": 1,
    "id": "game_4",
    "previous": null,
    "next": "game_34",
    "next_side": "A",
    "region": "East",
    "A": {
      "id": 8,
      "team": "Maryland"
    },
    "B": {
      "id": 9,
      "team": "Belmont"
    },
    "winner": {
      "id": null,
      "team": null
    }
  },
  "game_5": {
    "round": 1,
    "id": "game_5",
    "previous": null,
    "next": "game_34",
    "next_side": "B",
    "region": "East",
    "A": {
      "id": 10,
      "team": "LSU"
    },
    "B": {
      "id": 11,
      "team": "Yale"
    },
    "winner": {
      "id": null,
      "team": null
    }
  },
  "game_6": {
    "round": 1,
    "id": "game_6",
    "previous": null,
    "next": "game_35",
    "next_side": "A",
    "region": "East",
    "A": {
      "id": 12,
      "team": "Louisville"
    },
    "B": {
      "id": 13,
      "team": "Minnesota"
    },
    "winner": {
      "id": null,
      "team": null
    }
  },
  "game_7": {
    "round": 1,
    "id": "game_7",
    "previous": null,
    "next": "game_35",
    "next_side": "B",
    "region": "East",
    "A": {
      "id": 14,
      "team": "Michigan State"
    },
    "B": {
      "id": 15,
      "team": "Bradley"
    },
    "winner": {
      "id": null,
      "team": null
    }
  },
  "game_8": {
    "round": 1,
    "id": "game_8",
    "previous": null,
    "next": "game_36",
    "next_side": "A",
    "region": "West",
    "A": {
      "id": 16,
      "team": "Gonzaga"
    },
    "B": {
      "id": 17,
      "team": "Fairleigh Dickinson"
    },
    "winner": {
      "id": null,
      "team": null
    }
  },
  "game_9": {
    "round": 1,
    "id": "game_9",
    "previous": null,
    "next": "game_36",
    "next_side": "B",
    "region": "West",
    "A": {
      "id": 18,
      "team": "Syracuse"
    },
    "B": {
      "id": 19,
      "team": "Baylor"
    },
    "winner": {
      "id": null,
      "team": null
    }
  },
  "game_10": {
    "round": 1,
    "id": "game_10",
    "previous": null,
    "next": "game_37",
    "next_side": "A",
    "region": "West",
    "A": {
      "id": 20,
      "team": "Marquette"
    },
    "B": {
      "id": 21,
      "team": "Murray State"
    },
    "winner": {
      "id": null,
      "team": null
    }
  },
  "game_11": {
    "round": 1,
    "id": "game_11",
    "previous": null,
    "next": "game_37",
    "next_side": "B",
    "region": "West",
    "A": {
      "id": 22,
      "team": "Florida State"
    },
    "B": {
      "id": 23,
      "team": "Vermont"
    },
    "winner": {
      "id": null,
      "team": null
    }
  },
  "game_12": {
    "round": 1,
    "id": "game_12",
    "previous": null,
    "next": "game_38",
    "next_side": "A",
    "region": "West",
    "A": {
      "id": 24,
      "team": "Buffalo"
    },
    "B": {
      "id": 25,
      "team": "Arizona State"
    },
    "winner": {
      "id": null,
      "team": null
    }
  },
  "game_13": {
    "round": 1,
    "id": "game_13",
    "previous": null,
    "next": "game_38",
    "next_side": "B",
    "region": "West",
    "A": {
      "id": 26,
      "team": "Texas Tech"
    },
    "B": {
      "id": 27,
      "team": "Northern Kentucky"
    },
    "winner": {
      "id": null,
      "team": null
    }
  },
  "game_14": {
    "round": 1,
    "id": "game_14",
    "previous": null,
    "next": "game_39",
    "next_side": "A",
    "region": "West",
    "A": {
      "id": 28,
      "team": "Nevada"
    },
    "B": {
      "id": 29,
      "team": "Florida"
    },
    "winner": {
      "id": null,
      "team": null
    }
  },
  "game_15": {
    "round": 1,
    "id": "game_15",
    "previous": null,
    "next": "game_39",
    "next_side": "B",
    "region": "West",
    "A": {
      "id": 30,
      "team": "Michigan"
    },
    "B": {
      "id": 31,
      "team": "Montana"
    },
    "winner": {
      "id": null,
      "team": null
    }
  },
  "game_16": {
    "round": 1,
    "id": "game_16",
    "previous": null,
    "next": "game_40",
    "next_side": "A",
    "region": "South",
    "A": {
      "id": 32,
      "team": "Virginia"
    },
    "B": {
      "id": 33,
      "team": "Gardner-Webb"
    },
    "winner": {
      "id": null,
      "team": null
    }
  },
  "game_17": {
    "round": 1,
    "id": "game_17",
    "previous": null,
    "next": "game_40",
    "next_side": "B",
    "region": "South",
    "A": {
      "id": 34,
      "team": "Ole Miss"
    },
    "B": {
      "id": 35,
      "team": "Oklahoma"
    },
    "winner": {
      "id": null,
      "team": null
    }
  },
  "game_18": {
    "round": 1,
    "id": "game_18",
    "previous": null,
    "next": "game_41",
    "next_side": "A",
    "region": "South",
    "A": {
      "id": 36,
      "team": "Wisconsin"
    },
    "B": {
      "id": 37,
      "team": "Oregon"
    },
    "winner": {
      "id": null,
      "team": null
    }
  },
  "game_19": {
    "round": 1,
    "id": "game_19",
    "previous": null,
    "next": "game_41",
    "next_side": "B",
    "region": "South",
    "A": {
      "id": 38,
      "team": "Kansas State"
    },
    "B": {
      "id": 39,
      "team": "UC-Irvine"
    },
    "winner": {
      "id": null,
      "team": null
    }
  },
  "game_20": {
    "round": 1,
    "id": "game_20",
    "previous": null,
    "next": "game_42",
    "next_side": "A",
    "region": "South",
    "A": {
      "id": 40,
      "team": "Villanova"
    },
    "B": {
      "id": 41,
      "team": "Saint Mary's"
    },
    "winner": {
      "id": null,
      "team": null
    }
  },
  "game_21": {
    "round": 1,
    "id": "game_21",
    "previous": null,
    "next": "game_42",
    "next_side": "B",
    "region": "South",
    "A": {
      "id": 42,
      "team": "Purdue"
    },
    "B": {
      "id": 43,
      "team": "Old Dominion"
    },
    "winner": {
      "id": null,
      "team": null
    }
  },
  "game_22": {
    "round": 1,
    "id": "game_22",
    "previous": null,
    "next": "game_43",
    "next_side": "A",
    "region": "South",
    "A": {
      "id": 44,
      "team": "Cincinnati"
    },
    "B": {
      "id": 45,
      "team": "Iowa"
    },
    "winner": {
      "id": null,
      "team": null
    }
  },
  "game_23": {
    "round": 1,
    "id": "game_23",
    "previous": null,
    "next": "game_43",
    "next_side": "B",
    "region": "South",
    "A": {
      "id": 46,
      "team": "Tennessee"
    },
    "B": {
      "id": 47,
      "team": "Colgate"
    },
    "winner": {
      "id": null,
      "team": null
    }
  },
  "game_24": {
    "round": 1,
    "id": "game_24",
    "previous": null,
    "next": "game_44",
    "next_side": "A",
    "region": "Midwest",
    "A": {
      "id": 48,
      "team": "UNC"
    },
    "B": {
      "id": 49,
      "team": "Iona"
    },
    "winner": {
      "id": null,
      "team": null
    }
  },
  "game_25": {
    "round": 1,
    "id": "game_25",
    "previous": null,
    "next": "game_44",
    "next_side": "B",
    "region": "Midwest",
    "A": {
      "id": 50,
      "team": "Utah State"
    },
    "B": {
      "id": 51,
      "team": "Washington"
    },
    "winner": {
      "id": null,
      "team": null
    }
  },
  "game_26": {
    "round": 1,
    "id": "game_26",
    "previous": null,
    "next": "game_45",
    "next_side": "A",
    "region": "Midwest",
    "A": {
      "id": 52,
      "team": "Auburn"
    },
    "B": {
      "id": 53,
      "team": "New Mexico State"
    },
    "winner": {
      "id": null,
      "team": null
    }
  },
  "game_27": {
    "round": 1,
    "id": "game_27",
    "previous": null,
    "next": "game_45",
    "next_side": "B",
    "region": "Midwest",
    "A": {
      "id": 54,
      "team": "Kansas"
    },
    "B": {
      "id": 55,
      "team": "Northeastern"
    },
    "winner": {
      "id": null,
      "team": null
    }
  },
  "game_28": {
    "round": 1,
    "id": "game_28",
    "previous": null,
    "next": "game_46",
    "next_side": "A",
    "region": "Midwest",
    "A": {
      "id": 56,
      "team": "Iowa State"
    },
    "B": {
      "id": 57,
      "team": "Ohio State"
    },
    "winner": {
      "id": null,
      "team": null
    }
  },
  "game_29": {
    "round": 1,
    "id": "game_29",
    "previous": null,
    "next": "game_46",
    "next_side": "B",
    "region": "Midwest",
    "A": {
      "id": 58,
      "team": "Houston"
    },
    "B": {
      "id": 59,
      "team": "Georgia State"
    },
    "winner": {
      "id": null,
      "team": null
    }
  },
  "game_30": {
    "round": 1,
    "id": "game_30",
    "previous": null,
    "next": "game_47",
    "next_side": "A",
    "region": "Midwest",
    "A": {
      "id": 60,
      "team": "Wofford"
    },
    "B": {
      "id": 61,
      "team": "Seton Hall"
    },
    "winner": {
      "id": null,
      "team": null
    }
  },
  "game_31": {
    "round": 1,
    "id": "game_31",
    "previous": null,
    "next": "game_47",
    "next_side": "B",
    "region": "Midwest",
    "A": {
      "id": 62,
      "team": "Kentucky"
    },
    "B": {
      "id": 63,
      "team": "Abilene Christian"
    },
    "winner": {
      "id": null,
      "team": null
    }
  },
  "game_32": {
    "round": 2,
    "id": "game_32",
    "previous": [
      "game_0",
      "game_1"
    ],
    "next": "game_48",
    "next_side": "A",
    "region": "East",
    "A": {
      "id": null,
      "team": null
    },
    "B": {
      "id": null,
      "team": null
    },
    "winner": {
      "id": null,
      "team": null
    }
  },
  "game_33": {
    "round": 2,
    "id": "game_33",
    "previous": [
      "game_2",
      "game_3"
    ],
    "next": "game_48",
    "next_side": "B",
    "region": "East",
    "A": {
      "id": null,
      "team": null
    },
    "B": {
      "id": null,
      "team": null
    },
    "winner": {
      "id": null,
      "team": null
    }
  },
  "game_34": {
    "round": 2,
    "id": "game_34",
    "previous": [
      "game_4",
      "game_5"
    ],
    "next": "game_49",
    "next_side": "A",
    "region": "East",
    "A": {
      "id": null,
      "team": null
    },
    "B": {
      "id": null,
      "team": null
    },
    "winner": {
      "id": null,
      "team": null
    }
  },
  "game_35": {
    "round": 2,
    "id": "game_35",
    "previous": [
      "game_6",
      "game_7"
    ],
    "next": "game_49",
    "next_side": "B",
    "region": "East",
    "A": {
      "id": null,
      "team": null
    },
    "B": {
      "id": null,
      "team": null
    },
    "winner": {
      "id": null,
      "team": null
    }
  },
  "game_36": {
    "round": 2,
    "id": "game_36",
    "previous": [
      "game_8",
      "game_9"
    ],
    "next": "game_50",
    "next_side": "A",
    "region": "West",
    "A": {
      "id": null,
      "team": null
    },
    "B": {
      "id": null,
      "team": null
    },
    "winner": {
      "id": null,
      "team": null
    }
  },
  "game_37": {
    "round": 2,
    "id": "game_37",
    "previous": [
      "game_10",
      "game_11"
    ],
    "next": "game_50",
    "next_side": "B",
    "region": "West",
    "A": {
      "id": null,
      "team": null
    },
    "B": {
      "id": null,
      "team": null
    },
    "winner": {
      "id": null,
      "team": null
    }
  },
  "game_38": {
    "round": 2,
    "id": "game_38",
    "previous": [
      "game_12",
      "game_13"
    ],
    "next": "game_51",
    "next_side": "A",
    "region": "West",
    "A": {
      "id": null,
      "team": null
    },
    "B": {
      "id": null,
      "team": null
    },
    "winner": {
      "id": null,
      "team": null
    }
  },
  "game_39": {
    "round": 2,
    "id": "game_39",
    "previous": [
      "game_14",
      "game_15"
    ],
    "next": "game_51",
    "next_side": "B",
    "region": "West",
    "A": {
      "id": null,
      "team": null
    },
    "B": {
      "id": null,
      "team": null
    },
    "winner": {
      "id": null,
      "team": null
    }
  },
  "game_40": {
    "round": 2,
    "id": "game_40",
    "previous": [
      "game_16",
      "game_17"
    ],
    "next": "game_52",
    "next_side": "A",
    "region": "South",
    "A": {
      "id": null,
      "team": null
    },
    "B": {
      "id": null,
      "team": null
    },
    "winner": {
      "id": null,
      "team": null
    }
  },
  "game_41": {
    "round": 2,
    "id": "game_41",
    "previous": [
      "game_18",
      "game_19"
    ],
    "next": "game_52",
    "next_side": "B",
    "region": "South",
    "A": {
      "id": null,
      "team": null
    },
    "B": {
      "id": null,
      "team": null
    },
    "winner": {
      "id": null,
      "team": null
    }
  },
  "game_42": {
    "round": 2,
    "id": "game_42",
    "previous": [
      "game_20",
      "game_21"
    ],
    "next": "game_53",
    "next_side": "A",
    "region": "South",
    "A": {
      "id": null,
      "team": null
    },
    "B": {
      "id": null,
      "team": null
    },
    "winner": {
      "id": null,
      "team": null
    }
  },
  "game_43": {
    "round": 2,
    "id": "game_43",
    "previous": [
      "game_22",
      "game_23"
    ],
    "next": "game_53",
    "next_side": "B",
    "region": "South",
    "A": {
      "id": null,
      "team": null
    },
    "B": {
      "id": null,
      "team": null
    },
    "winner": {
      "id": null,
      "team": null
    }
  },
  "game_44": {
    "round": 2,
    "id": "game_44",
    "previous": [
      "game_24",
      "game_25"
    ],
    "next": "game_54",
    "next_side": "A",
    "region": "Midwest",
    "A": {
      "id": null,
      "team": null
    },
    "B": {
      "id": null,
      "team": null
    },
    "winner": {
      "id": null,
      "team": null
    }
  },
  "game_45": {
    "round": 2,
    "id": "game_45",
    "previous": [
      "game_26",
      "game_27"
    ],
    "next": "game_54",
    "next_side": "B",
    "region": "Midwest",
    "A": {
      "id": null,
      "team": null
    },
    "B": {
      "id": null,
      "team": null
    },
    "winner": {
      "id": null,
      "team": null
    }
  },
  "game_46": {
    "round": 2,
    "id": "game_46",
    "previous": [
      "game_28",
      "game_29"
    ],
    "next": "game_55",
    "next_side": "A",
    "region": "Midwest",
    "A": {
      "id": null,
      "team": null
    },
    "B": {
      "id": null,
      "team": null
    },
    "winner": {
      "id": null,
      "team": null
    }
  },
  "game_47": {
    "round": 2,
    "id": "game_47",
    "previous": [
      "game_30",
      "game_31"
    ],
    "next": "game_55",
    "next_side": "B",
    "region": "Midwest",
    "A": {
      "id": null,
      "team": null
    },
    "B": {
      "id": null,
      "team": null
    },
    "winner": {
      "id": null,
      "team": null
    }
  },
  "game_48": {
    "round": 3,
    "id": "game_48",
    "previous": [
      "game_32",
      "game_33"
    ],
    "next": "game_56",
    "next_side": "A",
    "region": "East",
    "A": {
      "id": null,
      "team": null
    },
    "B": {
      "id": null,
      "team": null
    },
    "winner": {
      "id": null,
      "team": null
    }
  },
  "game_49": {
    "round": 3,
    "id": "game_49",
    "previous": [
      "game_34",
      "game_35"
    ],
    "next": "game_56",
    "next_side": "B",
    "region": "East",
    "A": {
      "id": null,
      "team": null
    },
    "B": {
      "id": null,
      "team": null
    },
    "winner": {
      "id": null,
      "team": null
    }
  },
  "game_50": {
    "round": 3,
    "id": "game_50",
    "previous": [
      "game_36",
      "game_37"
    ],
    "next": "game_57",
    "next_side": "A",
    "region": "West",
    "A": {
      "id": null,
      "team": null
    },
    "B": {
      "id": null,
      "team": null
    },
    "winner": {
      "id": null,
      "team": null
    }
  },
  "game_51": {
    "round": 3,
    "id": "game_51",
    "previous": [
      "game_38",
      "game_39"
    ],
    "next": "game_57",
    "next_side": "B",
    "region": "West",
    "A": {
      "id": null,
      "team": null
    },
    "B": {
      "id": null,
      "team": null
    },
    "winner": {
      "id": null,
      "team": null
    }
  },
  "game_52": {
    "round": 3,
    "id": "game_52",
    "previous": [
      "game_40",
      "game_41"
    ],
    "next": "game_58",
    "next_side": "A",
    "region": "South",
    "A": {
      "id": null,
      "team": null
    },
    "B": {
      "id": null,
      "team": null
    },
    "winner": {
      "id": null,
      "team": null
    }
  },
  "game_53": {
    "round": 3,
    "id": "game_53",
    "previous": [
      "game_42",
      "game_43"
    ],
    "next": "game_58",
    "next_side": "B",
    "region": "South",
    "A": {
      "id": null,
      "team": null
    },
    "B": {
      "id": null,
      "team": null
    },
    "winner": {
      "id": null,
      "team": null
    }
  },
  "game_54": {
    "round": 3,
    "id": "game_54",
    "previous": [
      "game_44",
      "game_45"
    ],
    "next": "game_59",
    "next_side": "A",
    "region": "Midwest",
    "A": {
      "id": null,
      "team": null
    },
    "B": {
      "id": null,
      "team": null
    },
    "winner": {
      "id": null,
      "team": null
    }
  },
  "game_55": {
    "round": 3,
    "id": "game_55",
    "previous": [
      "game_46",
      "game_47"
    ],
    "next": "game_59",
    "next_side": "B",
    "region": "Midwest",
    "A": {
      "id": null,
      "team": null
    },
    "B": {
      "id": null,
      "team": null
    },
    "winner": {
      "id": null,
      "team": null
    }
  },
  "game_56": {
    "round": 4,
    "id": "game_56",
    "previous": [
      "game_48",
      "game_49"
    ],
    "next": "game_60",
    "next_side": "A",
    "region": "East",
    "A": {
      "id": null,
      "team": null
    },
    "B": {
      "id": null,
      "team": null
    },
    "winner": {
      "id": null,
      "team": null
    }
  },
  "game_57": {
    "round": 4,
    "id": "game_57",
    "previous": [
      "game_50",
      "game_51"
    ],
    "next": "game_60",
    "next_side": "B",
    "region": "West",
    "A": {
      "id": null,
      "team": null
    },
    "B": {
      "id": null,
      "team": null
    },
    "winner": {
      "id": null,
      "team": null
    }
  },
  "game_58": {
    "round": 4,
    "id": "game_58",
    "previous": [
      "game_52",
      "game_53"
    ],
    "next": "game_61",
    "next_side": "A",
    "region": "South",
    "A": {
      "id": null,
      "team": null
    },
    "B": {
      "id": null,
      "team": null
    },
    "winner": {
      "id": null,
      "team": null
    }
  },
  "game_59": {
    "round": 4,
    "id": "game_59",
    "previous": [
      "game_54",
      "game_55"
    ],
    "next": "game_61",
    "next_side": "B",
    "region": "Midwest",
    "A": {
      "id": null,
      "team": null
    },
    "B": {
      "id": null,
      "team": null
    },
    "winner": {
      "id": null,
      "team": null
    }
  },
  "game_60": {
    "round": 5,
    "id": "game_60",
    "previous": [
      "game_56",
      "game_57"
    ],
    "next": "game_62",
    "next_side": "A",
    "region": "East_West",
    "A": {
      "id": null,
      "team": null
    },
    "B": {
      "id": null,
      "team": null
    },
    "winner": {
      "id": null,
      "team": null
    }
  },
  "game_61": {
    "round": 5,
    "id": "game_61",
    "previous": [
      "game_58",
      "game_59"
    ],
    "next": "game_62",
    "next_side": "B",
    "region": "South_Midwest",
    "A": {
      "id": null,
      "team": null
    },
    "B": {
      "id": null,
      "team": null
    },
    "winner": {
      "id": null,
      "team": null
    }
  },
  "game_62": {
    "round": 6,
    "id": "game_62",
    "previous": [
      "game_60",
      "game_61"
    ],
    "next": null,
    "next_side": null,
    "region": "East_West_South_Midwest",
    "A": {
      "id": null,
      "team": null
    },
    "B": {
      "id": null,
      "team": null
    },
    "winner": {
      "id": null,
      "team": null
    }
  }
}